﻿pos_x,pos_y,rotation,side,designator,mpn,pack,value,mount_type,place
182.8,-93.5,180.0,top,C1,875105240001,CP_Elec_3x5.3,10u,smt,True
189.3,-92.9,-90.0,top,C2,875105240003,CP_Elec_3x5.3,22u,smt,True
188.4,-87.9,-90.0,top,C3,,C_0805_2012Metric,100n,smt,True
185.0,-80.0,0.0,top,H1,,LEGO 4Studs,MountingHole,tht,True
185.0,-103.8,0.0,top,H2,,LEGO 4Studs,MountingHole,tht,True
210.075,-88.0,-90.0,top,J1,,PinHeader_1x02_P2.54mm_Vertical,Conn_01x02,tht,False
210.075,-91.0,-90.0,top,J2,,PinHeader_1x02_P2.54mm_Vertical,Conn_01x02,tht,False
210.075,-94.0,-90.0,top,J3,,PinHeader_1x02_P2.54mm_Vertical,Conn_01x02,tht,False
205.06,-85.0,90.0,top,J4,,PinHeader_1x03_P2.54mm_Vertical,Conn_01x03,tht,False
205.06,-81.8,90.0,top,J5,,PinHeader_1x03_P2.54mm_Vertical,Conn_01x03,tht,False
194.4,-83.9,0.0,bottom,J7,,SW_DIP_SPSTx03_Slide_KingTek_DSHP03TJ_W5.25mm_P1.27mm_JPin,Conn_01x06_Pin,smt,True
182.95,-85.52,-90.0,top,P1,USB4110-GF-A,USB_C_Receptacle_JAE_DX07S016JA1R1500,USB_C_Plug_USB2.0,smt,True
204.0,-94.45,0.0,top,Q1,BC817-16LT3G,SOT-323_SC-70,BC847W,smt,True
204.0,-91.85,0.0,top,Q2,BC817-16LT3G,SOT-323_SC-70,BC847W,smt,True
204.0,-89.2,0.0,top,Q3,BC817-16LT3G,SOT-323_SC-70,BC847W,smt,True
188.655,-81.495,90.0,top,R1,,R_0603_1608Metric,5k1,smt,True
201.7,-82.3,180.0,top,R10,,R_0603_1608Metric,470,smt,True
201.7,-80.8,180.0,top,R11,,R_0603_1608Metric,470,smt,True
192.2,-87.9,180.0,bottom,R12,,R_0603_1608Metric,5k1,smt,True
186.465,-92.695,-90.0,top,R2,,R_0603_1608Metric,5k1,smt,True
202.5,-86.3,-90.0,top,R4,,R_0603_1608Metric,10k,smt,True
201.0,-88.2,90.0,top,R5,,R_0603_1608Metric,10k,smt,True
201.5,-94.3,90.0,top,R6,,R_0603_1608Metric,10k,smt,True
201.2,-91.275,90.0,top,R7,,R_0603_1608Metric,1k,smt,True
199.4,-86.6,90.0,top,R8,,R_0603_1608Metric,1k,smt,True
201.0,-85.1,90.0,top,R9,,R_0603_1608Metric,1k,smt,True
194.0,-83.7,-90.0,top,U1,ATSAMD11C14A-SSNT,SOIC-14_3.9x8.7mm_P1.27mm,ATSAMD11C14A-SS,smt,True
195.7,-92.2,0.0,top,U2,AMS1117-3.3,SOT-223-3_TabPin2,AMS1117-3.3,smt,True
