﻿designator,quantity,value,pack,mpn,mount_type
C1,1,10u,CP_Elec_3x5.3,875105240001,smt
C2,1,22u,CP_Elec_3x5.3,875105240003,smt
C3,1,100n,C_0805_2012Metric,,smt
"H1, H2",2,MountingHole,LEGO 4Studs,,tht
"J1, J2, J3",3,Conn_01x02,PinHeader_1x02_P2.54mm_Vertical,,tht
"J4, J5",2,Conn_01x03,PinHeader_1x03_P2.54mm_Vertical,,tht
J7,1,Conn_01x06_Pin,SW_DIP_SPSTx03_Slide_KingTek_DSHP03TJ_W5.25mm_P1.27mm_JPin,,smt
P1,1,USB_C_Plug_USB2.0,USB_C_Receptacle_JAE_DX07S016JA1R1500,USB4110-GF-A,smt
"Q1, Q2, Q3",3,BC847W,SOT-323_SC-70,BC817-16LT3G,smt
"R1, R12, R2",3,5k1,R_0603_1608Metric,,smt
"R10, R11",2,470,R_0603_1608Metric,,smt
"R4, R5, R6",3,10k,R_0603_1608Metric,,smt
"R7, R8, R9",3,1k,R_0603_1608Metric,,smt
U1,1,ATSAMD11C14A-SS,SOIC-14_3.9x8.7mm_P1.27mm,ATSAMD11C14A-SSNT,smt
U2,1,AMS1117-3.3,SOT-223-3_TabPin2,AMS1117-3.3,smt
